date,index_name,close_value,bench_return
2022-01-03,NIFTY50,17492.79,
2022-01-04,NIFTY50,17689.64,0.011253207750164362
2022-01-05,NIFTY50,17835.05,0.008220065529880749
2022-01-06,NIFTY50,17878.51,0.0024367747777549464
2022-01-07,NIFTY50,17759.15,-0.006676171560157762
2022-01-10,NIFTY50,18124.84,0.02059163867640046
2022-01-11,NIFTY50,18256.96,0.00728944365853712
2022-01-12,NIFTY50,18162.54,-0.005171726289590284
2022-01-13,NIFTY50,18179.05,0.0009090138273610826
2022-01-14,NIFTY50,17971.75,-0.011403236142702666
2022-01-17,NIFTY50,17998.26,0.001475092854062554
2022-01-18,NIFTY50,17938.46,-0.003322543401417688
2022-01-19,NIFTY50,18301.33,0.020228603793190914
2022-01-20,NIFTY50,18424.66,0.0067388544985527155
2022-01-21,NIFTY50,18055.59,-0.02003130586941626
2022-01-24,NIFTY50,18338.54,0.015671047027541185
2022-01-25,NIFTY50,18408.04,0.0037898327784000596
2022-01-26,NIFTY50,18650.54,0.013173591539349161
2022-01-27,NIFTY50,18701.92,0.0027548800195595913
2022-01-28,NIFTY50,18734.13,0.0017222830597074523
2022-01-31,NIFTY50,18615.38,-0.006338698407665544
2022-02-01,NIFTY50,18724.17,0.005844092358039177
2022-02-02,NIFTY50,18900.9,0.009438602618968117
2022-02-03,NIFTY50,18640.35,-0.013785057854387994
2022-02-04,NIFTY50,18524.44,-0.006218230880857933
2022-02-07,NIFTY50,18347.28,-0.009563581949035949
2022-02-08,NIFTY50,18626.31,0.015208248852146111
2022-02-09,NIFTY50,18807.0,0.009700794199173135
2022-02-10,NIFTY50,18760.65,-0.00246450789599606
2022-02-11,NIFTY50,18935.65,0.00932803500944801
2022-02-14,NIFTY50,18733.59,-0.010670877419048264
2022-02-15,NIFTY50,18789.33,0.0029754040736453824
2022-02-16,NIFTY50,18942.63,0.008158885920892311
2022-02-17,NIFTY50,18867.92,-0.003944014109973248
2022-02-18,NIFTY50,18875.61,0.0004075700978170005
2022-02-21,NIFTY50,18962.56,0.004606473645090148
2022-02-22,NIFTY50,19151.71,0.009974918998278515
2022-02-23,NIFTY50,18922.93,-0.01194566960339305
2022-02-24,NIFTY50,18905.49,-0.0009216331720298676
2022-02-25,NIFTY50,18772.62,-0.007028117229439856
2022-02-28,NIFTY50,18865.93,0.0049705368776442604
2022-03-01,NIFTY50,18827.48,-0.0020380654438980628
2022-03-02,NIFTY50,18962.53,0.007173025811207934
2022-03-03,NIFTY50,18764.05,-0.01046695773190598
2022-03-04,NIFTY50,18700.26,-0.003399585910291214
2022-03-07,NIFTY50,19018.69,0.017028105491581513
2022-03-08,NIFTY50,18996.04,-0.0011909337604218972
2022-03-09,NIFTY50,19174.22,0.009379849694989062
2022-03-10,NIFTY50,19018.0,-0.008147397912405374
2022-03-11,NIFTY50,18796.74,-0.011634241245136123
2022-03-14,NIFTY50,19023.35,0.012055813933692594
2022-03-15,NIFTY50,19158.43,0.007100747239576766
2022-03-16,NIFTY50,19102.14,-0.002938132195592247
2022-03-17,NIFTY50,19368.71,0.013954980960248387
2022-03-18,NIFTY50,19279.61,-0.0046002031111002095
2022-03-21,NIFTY50,19153.99,-0.006515691966798021
2022-03-22,NIFTY50,19165.54,0.0006030075195819773
2022-03-23,NIFTY50,19132.24,-0.0017374934387447416
2022-03-24,NIFTY50,18960.4,-0.008981697908870045
2022-03-25,NIFTY50,18951.21,-0.00048469441572973615
2022-03-28,NIFTY50,18999.44,0.002544956232346074
2022-03-29,NIFTY50,19138.12,0.007299162501631651
2022-03-30,NIFTY50,19568.64,0.022495417522724326
2022-03-31,NIFTY50,19775.28,0.010559752747252737
2022-04-01,NIFTY50,19613.8,-0.0081657503711704
2022-04-04,NIFTY50,20065.6,0.02303480202714403
2022-04-05,NIFTY50,20083.52,0.0008930707280121464
2022-04-06,NIFTY50,20147.77,0.0031991403897324577
2022-04-07,NIFTY50,20045.55,-0.0050735143393041415
2022-04-08,NIFTY50,20053.65,0.00040407970846412233
2022-04-11,NIFTY50,20059.1,0.00027177097436115183
2022-04-12,NIFTY50,20180.83,0.0060685673833822396
2022-04-13,NIFTY50,20341.13,0.00794318172245645
2022-04-14,NIFTY50,20287.69,-0.002627189344938219
2022-04-15,NIFTY50,20496.5,0.010292448277748889
2022-04-18,NIFTY50,20414.87,-0.003982631180933338
2022-04-19,NIFTY50,20612.2,0.009665993464567757
2022-04-20,NIFTY50,20511.28,-0.004896129476717803
2022-04-21,NIFTY50,20331.45,-0.008767370929556706
2022-04-22,NIFTY50,20291.62,-0.0019590339105179932
2022-04-25,NIFTY50,20260.33,-0.0015420158666482608
2022-04-26,NIFTY50,20107.17,-0.007559600460604665
2022-04-27,NIFTY50,20054.36,-0.0026264262946997796
2022-04-28,NIFTY50,19975.05,-0.0039547509868178565
2022-04-29,NIFTY50,19985.01,0.0004986220309834977
2022-05-02,NIFTY50,20084.37,0.0049717263088684405
2022-05-03,NIFTY50,20080.44,-0.00019567454692381858
2022-05-04,NIFTY50,19936.88,-0.00714924573365916
2022-05-05,NIFTY50,19887.01,-0.002501394400728829
2022-05-06,NIFTY50,20058.65,0.008630759475657834
2022-05-09,NIFTY50,19959.55,-0.00494051194871048
2022-05-10,NIFTY50,19812.47,-0.007368903607546162
2022-05-11,NIFTY50,19573.89,-0.012041910978287995
2022-05-12,NIFTY50,19473.78,-0.005114466260922157
2022-05-13,NIFTY50,19615.18,0.007261045364587826
2022-05-16,NIFTY50,19507.43,-0.005493194556460912
2022-05-17,NIFTY50,19510.92,0.00017890619112814754
2022-05-18,NIFTY50,19442.05,-0.003529818173617638
2022-05-19,NIFTY50,19363.97,-0.004016037403463013
2022-05-20,NIFTY50,19582.7,0.011295720867156911
2022-05-23,NIFTY50,19568.13,-0.00074402406205476
2022-05-24,NIFTY50,19377.34,-0.009750037433316372
2022-05-25,NIFTY50,19145.6,-0.0119593298151347
2022-05-26,NIFTY50,18989.49,-0.00815383168978756
2022-05-27,NIFTY50,18816.95,-0.00908607866772626
2022-05-30,NIFTY50,18959.16,0.007557547849146529
2022-05-31,NIFTY50,18935.9,-0.0012268476029527742
2022-06-01,NIFTY50,18955.11,0.001014475150375782
2022-06-02,NIFTY50,18925.23,-0.0015763559272408134
2022-06-03,NIFTY50,18902.99,-0.0011751508436091962
2022-06-06,NIFTY50,19058.44,0.008223566747905808
2022-06-07,NIFTY50,19226.83,0.00883545557768639
2022-06-08,NIFTY50,19519.86,0.015240681901280695
2022-06-09,NIFTY50,19389.21,-0.00669318325028978
2022-06-10,NIFTY50,19336.46,-0.0027205853152345583
2022-06-13,NIFTY50,19376.58,0.002074836862590246
2022-06-14,NIFTY50,19637.19,0.013449741904917989
2022-06-15,NIFTY50,19535.11,-0.005198299756737024
2022-06-16,NIFTY50,19696.35,0.00825385677377799
2022-06-17,NIFTY50,19607.58,-0.0045069264102231
2022-06-20,NIFTY50,19773.96,0.008485493875327599
2022-06-21,NIFTY50,19798.47,0.0012395089299261919
2022-06-22,NIFTY50,19639.48,-0.008030418512137594
2022-06-23,NIFTY50,19629.85,-0.0004903388480754778
2022-06-24,NIFTY50,19738.19,0.005519145586950547
2022-06-27,NIFTY50,19287.24,-0.02284657306470339
2022-06-28,NIFTY50,19440.76,0.007959666598227555
2022-06-29,NIFTY50,19217.98,-0.011459428540859462
2022-06-30,NIFTY50,19192.78,-0.0013112720483631213
2022-07-01,NIFTY50,19184.78,-0.00041682340963633546
2022-07-04,NIFTY50,18769.89,-0.021625997274923092
2022-07-05,NIFTY50,18684.56,-0.00454611081897649
2022-07-06,NIFTY50,18757.53,0.0039053635729178193
2022-07-07,NIFTY50,19054.96,0.015856565336694217
2022-07-08,NIFTY50,19192.88,0.0072380104707647774
2022-07-11,NIFTY50,19344.92,0.007921687625827678
2022-07-12,NIFTY50,19015.04,-0.01705253885774649
2022-07-13,NIFTY50,18977.21,-0.0019894778028340943
2022-07-14,NIFTY50,19271.29,0.015496482359630415
2022-07-15,NIFTY50,19438.74,0.008689091389315395
2022-07-18,NIFTY50,19366.57,-0.003712689196933683
2022-07-19,NIFTY50,19393.94,0.0014132600661862504
2022-07-20,NIFTY50,19559.49,0.008536171608244825
2022-07-21,NIFTY50,19722.34,0.008325881707549554
2022-07-22,NIFTY50,19711.32,-0.0005587572265766116
2022-07-25,NIFTY50,19681.21,-0.0015275486370268654
2022-07-26,NIFTY50,19761.96,0.004102898144981992
2022-07-27,NIFTY50,19929.86,0.00849612083012019
2022-07-28,NIFTY50,19875.39,-0.0027330849288454973
2022-07-29,NIFTY50,19585.87,-0.014566758186883355
2022-08-01,NIFTY50,19582.35,-0.00017972140119382196
2022-08-02,NIFTY50,19390.08,-0.009818535569019904
2022-08-03,NIFTY50,19708.9,0.016442428293230282
2022-08-04,NIFTY50,19564.96,-0.00730329952458042
2022-08-05,NIFTY50,19555.4,-0.0004886286504034443
2022-08-08,NIFTY50,19451.25,-0.005325894637798312
2022-08-09,NIFTY50,19378.13,-0.0037591414433518766
2022-08-10,NIFTY50,19520.25,0.007334041003956404
2022-08-11,NIFTY50,19698.67,0.00914025178980804
2022-08-12,NIFTY50,19814.19,0.005864355309266989
2022-08-15,NIFTY50,19981.4,0.00843890161545846
2022-08-16,NIFTY50,19904.95,-0.0038260582341578253
2022-08-17,NIFTY50,19736.49,-0.008463221459988568
2022-08-18,NIFTY50,19625.12,-0.005642847335063261
2022-08-19,NIFTY50,19703.9,0.0040142429702341165
2022-08-22,NIFTY50,19910.72,0.010496399190007999
2022-08-23,NIFTY50,19719.82,-0.009587799938927444
2022-08-24,NIFTY50,19671.88,-0.0024310566729309757
2022-08-25,NIFTY50,19637.3,-0.001757839108412651
2022-08-26,NIFTY50,19522.67,-0.0058373605332708856
2022-08-29,NIFTY50,19627.67,0.005378362693217786
2022-08-30,NIFTY50,19798.26,0.008691301616544411
2022-08-31,NIFTY50,20209.61,0.020777078389717207
2022-09-01,NIFTY50,20548.9,0.016788547626599426
2022-09-02,NIFTY50,20692.13,0.006970202784577273
2022-09-05,NIFTY50,20624.2,-0.003282890644897396
2022-09-06,NIFTY50,20753.83,0.0062853347038915874
2022-09-07,NIFTY50,20433.94,-0.015413540536855286
2022-09-08,NIFTY50,20554.69,0.005909286216950749
2022-09-09,NIFTY50,20626.15,0.0034765788245896267
2022-09-12,NIFTY50,20648.98,0.0011068473757824826
2022-09-13,NIFTY50,20527.01,-0.005906829296168703
2022-09-14,NIFTY50,20670.74,0.007001993958204444
2022-09-15,NIFTY50,20513.65,-0.00759963116946949
2022-09-16,NIFTY50,20701.55,0.009159754602423131
2022-09-19,NIFTY50,20813.58,0.005411672072864304
2022-09-20,NIFTY50,20896.86,0.004001233809849181
2022-09-21,NIFTY50,20739.02,-0.007553287910241013
2022-09-22,NIFTY50,20638.36,-0.004853652679827625
2022-09-23,NIFTY50,20398.27,-0.011633191784618524
2022-09-26,NIFTY50,20548.89,0.007383959522057504
2022-09-27,NIFTY50,20564.79,0.0007737644223120288
2022-09-28,NIFTY50,20484.23,-0.003917375280759083
2022-09-29,NIFTY50,20471.11,-0.0006404927107339642
2022-09-30,NIFTY50,20657.7,0.009114796413091542
2022-10-03,NIFTY50,20475.58,-0.008816083107025419
2022-10-04,NIFTY50,20411.92,-0.0031090694378378414
2022-10-05,NIFTY50,20159.15,-0.012383450454440226
2022-10-06,NIFTY50,19995.72,-0.008106988637913815
2022-10-07,NIFTY50,19964.19,-0.0015768374432130194
2022-10-10,NIFTY50,20151.84,0.009399329499468978
2022-10-11,NIFTY50,20267.68,0.005748358462552394
2022-10-12,NIFTY50,20442.32,0.008616674429436477
2022-10-13,NIFTY50,20563.45,0.005925452688344546
2022-10-14,NIFTY50,20412.01,-0.007364522976446186
2022-10-17,NIFTY50,20707.13,0.014458154782405197
2022-10-18,NIFTY50,20843.26,0.006574064102557786
2022-10-19,NIFTY50,21162.28,0.015305667155713687
2022-10-20,NIFTY50,21464.58,0.014284850214627332
2022-10-21,NIFTY50,21458.74,-0.00027207613659341323
2022-10-24,NIFTY50,21383.16,-0.0035221080082056266
2022-10-25,NIFTY50,21005.4,-0.01766623829218872
2022-10-26,NIFTY50,21044.03,0.0018390509107180097
2022-10-27,NIFTY50,21047.28,0.00015443809954662768
2022-10-28,NIFTY50,20947.39,-0.00474598142847904
2022-10-31,NIFTY50,20871.91,-0.0036033128709590523
2022-11-01,NIFTY50,20970.82,0.004738905064270549
2022-11-02,NIFTY50,20659.57,-0.014842051956003632
2022-11-03,NIFTY50,20887.35,0.011025398882938964
2022-11-04,NIFTY50,21047.55,0.007669713965629876
2022-11-07,NIFTY50,20996.17,-0.0024411392299816814
2022-11-08,NIFTY50,20993.09,-0.00014669342075235292
2022-11-09,NIFTY50,21057.78,0.0030814901474722767
2022-11-10,NIFTY50,21208.88,0.007175495232641049
2022-11-11,NIFTY50,21574.46,0.017237119546152257
2022-11-14,NIFTY50,21491.94,-0.0038248929521295105
2022-11-15,NIFTY50,21743.69,0.011713693598623509
2022-11-16,NIFTY50,21714.61,-0.0013373994938300493
2022-11-17,NIFTY50,21654.27,-0.0027787742906734136
2022-11-18,NIFTY50,21618.86,-0.00163524330305298
2022-11-21,NIFTY50,21821.82,0.009388099094956859
2022-11-22,NIFTY50,21730.17,-0.004199924662562582
2022-11-23,NIFTY50,21759.53,0.0013511169033653125
2022-11-24,NIFTY50,21678.62,-0.0037183707552507217
2022-11-25,NIFTY50,21612.98,-0.0030278680100486177
2022-11-28,NIFTY50,21863.78,0.011604137883808763
2022-11-29,NIFTY50,21872.29,0.0003892282121391588
2022-11-30,NIFTY50,21763.67,-0.004966100943248453
2022-12-01,NIFTY50,21696.78,-0.003073470604911699
2022-12-02,NIFTY50,21756.82,0.0027672308978567983
2022-12-05,NIFTY50,21757.88,4.872035527259122e-05
2022-12-06,NIFTY50,21768.68,0.000496371889173064
2022-12-07,NIFTY50,21725.81,-0.001969343111295596
2022-12-08,NIFTY50,21922.79,0.009066635490230235
2022-12-09,NIFTY50,22037.03,0.0052110155687299375
2022-12-12,NIFTY50,22007.01,-0.0013622525358453208
2022-12-13,NIFTY50,22040.93,0.001541327058969033
2022-12-14,NIFTY50,21904.8,-0.006176236665149881
2022-12-15,NIFTY50,21902.0,-0.0001278258646506547
2022-12-16,NIFTY50,21788.91,-0.0051634553922016435
2022-12-19,NIFTY50,21834.23,0.002079957189230708
2022-12-20,NIFTY50,21826.13,-0.00037097713086275963
2022-12-21,NIFTY50,21793.49,-0.0014954552181261072
2022-12-22,NIFTY50,21829.4,0.0016477397608185562
2022-12-23,NIFTY50,21893.27,0.0029258706148587166
2022-12-26,NIFTY50,22100.16,0.009449935984893854
2022-12-27,NIFTY50,22252.11,0.006875515833369539
2022-12-28,NIFTY50,22436.78,0.00829898827571851
2022-12-29,NIFTY50,22382.85,-0.002403642590425248
2022-12-30,NIFTY50,22446.34,0.0028365467310911274
2023-01-02,NIFTY50,22778.36,0.014791721055637641
2023-01-03,NIFTY50,22771.14,-0.00031696750775744853
2023-01-04,NIFTY50,22806.13,0.001536594127478974
2023-01-05,NIFTY50,22843.67,0.0016460486720015766
2023-01-06,NIFTY50,22835.1,-0.00037515863256643023
2023-01-09,NIFTY50,23088.26,0.011086441487009102
2023-01-10,NIFTY50,23015.77,-0.003139690907846604
2023-01-11,NIFTY50,23231.29,0.009364014325829562
2023-01-12,NIFTY50,23389.28,0.006800741586024728
2023-01-13,NIFTY50,23388.78,-2.137731473561555e-05
2023-01-16,NIFTY50,23321.28,-0.002885999184224275
2023-01-17,NIFTY50,23326.14,0.00020839336434375078
2023-01-18,NIFTY50,23559.85,0.010019231643126458
2023-01-19,NIFTY50,23779.86,0.009338344683858413
2023-01-20,NIFTY50,23947.55,0.00705176565379273
2023-01-23,NIFTY50,23942.01,-0.00023133890523252543
2023-01-24,NIFTY50,23961.96,0.0008332633726242378
2023-01-25,NIFTY50,24096.65,0.005620992606614861
2023-01-26,NIFTY50,24061.41,-0.0014624439496777608
2023-01-27,NIFTY50,24238.56,0.007362411429754134
2023-01-30,NIFTY50,24280.25,0.0017199866658745844
2023-01-31,NIFTY50,24494.37,0.008818690087622594
2023-02-01,NIFTY50,24223.82,-0.011045395329620566
2023-02-02,NIFTY50,24115.15,-0.004486080230120537
2023-02-03,NIFTY50,24060.94,-0.0022479644538807575
2023-02-06,NIFTY50,24153.86,0.0038618607585572118
2023-02-07,NIFTY50,24091.1,-0.002598342459549041
2023-02-08,NIFTY50,24536.77,0.018499362835237898
2023-02-09,NIFTY50,24304.68,-0.009458865205159483
2023-02-10,NIFTY50,24520.15,0.008865370784556736
2023-02-13,NIFTY50,24780.22,0.010606378835366082
2023-02-14,NIFTY50,24893.39,0.0045669489617121695
2023-02-15,NIFTY50,24840.97,-0.0021057798877532896
2023-02-16,NIFTY50,24848.9,0.00031923069026684736
2023-02-17,NIFTY50,25027.64,0.007193074944967348
2023-02-20,NIFTY50,24713.9,-0.012535740485319358
2023-02-21,NIFTY50,24597.57,-0.004707067682559241
2023-02-22,NIFTY50,24501.18,-0.003918679772026201
2023-02-23,NIFTY50,24622.43,0.004948741244299226
2023-02-24,NIFTY50,24854.82,0.009438142376686498
2023-02-27,NIFTY50,25273.35,0.01683898736744016
2023-02-28,NIFTY50,24902.29,-0.014681868450363678
2023-03-01,NIFTY50,24705.34,-0.007908911188489132
2023-03-02,NIFTY50,24647.95,-0.002322979566360961
2023-03-03,NIFTY50,24772.26,0.005043421461013997
2023-03-06,NIFTY50,24939.69,0.0067587696883530946
2023-03-07,NIFTY50,24711.86,-0.009135237847783917
2023-03-08,NIFTY50,24799.95,0.003564685134991974
2023-03-09,NIFTY50,24297.03,-0.020279073143292692
2023-03-10,NIFTY50,24366.79,0.002871132809236343
2023-03-13,NIFTY50,24373.18,0.00026224217469761335
2023-03-14,NIFTY50,24364.9,-0.00033971767327856117
2023-03-15,NIFTY50,24298.41,-0.002728925626618639
2023-03-16,NIFTY50,24292.13,-0.0002584531251221822
2023-03-17,NIFTY50,24367.8,0.0031150006195421742
2023-03-20,NIFTY50,24713.22,0.014175264078004624
2023-03-21,NIFTY50,24466.13,-0.009998292411915521
2023-03-22,NIFTY50,24423.14,-0.0017571230104639346
2023-03-23,NIFTY50,24543.24,0.004917467614729443
2023-03-24,NIFTY50,24542.81,-1.7520099220846852e-05
2023-03-27,NIFTY50,24579.47,0.0014937164896766664
2023-03-28,NIFTY50,24473.33,-0.004318237944105352
2023-03-29,NIFTY50,24651.04,0.0072613739119278264
2023-03-30,NIFTY50,24227.91,-0.017164793047271032
2023-03-31,NIFTY50,24043.2,-0.007623851995487763
2023-04-03,NIFTY50,24442.96,0.016626738537299568
2023-04-04,NIFTY50,24209.74,-0.009541397604872603
2023-04-05,NIFTY50,24048.92,-0.0066427809633644586
2023-04-06,NIFTY50,23905.67,-0.0059566084464499625
2023-04-07,NIFTY50,23811.3,-0.003947599042402827
2023-04-10,NIFTY50,23818.88,0.00031833625211574734
2023-04-11,NIFTY50,24041.73,0.009356023457022244
2023-04-12,NIFTY50,24147.4,0.004395274383332648
2023-04-13,NIFTY50,24112.24,-0.001456057380918807
2023-04-14,NIFTY50,24471.76,0.014910269638988227
2023-04-17,NIFTY50,24399.9,-0.0029364459278775623
2023-04-18,NIFTY50,24423.04,0.0009483645424777087
2023-04-19,NIFTY50,24458.55,0.0014539549540106833
2023-04-20,NIFTY50,24640.52,0.0074399340925770385
2023-04-21,NIFTY50,24420.96,-0.008910526238894323
2023-04-24,NIFTY50,24228.6,-0.007876840222497461
2023-04-25,NIFTY50,24428.0,0.008229943125067196
2023-04-26,NIFTY50,24799.47,0.01520672998198802
2023-04-27,NIFTY50,24737.41,-0.002502472835104963
2023-04-28,NIFTY50,24494.8,-0.00980741314470679
2023-05-01,NIFTY50,24268.79,-0.009226856312360088
2023-05-02,NIFTY50,24487.26,0.009002096931902903
2023-05-03,NIFTY50,24162.88,-0.013246888381958533
2023-05-04,NIFTY50,24187.03,0.0009994669509594267
2023-05-05,NIFTY50,24163.65,-0.00096663377024786
2023-05-08,NIFTY50,24041.81,-0.005042284588627988
2023-05-09,NIFTY50,23884.78,-0.006531538182857344
2023-05-10,NIFTY50,24032.77,0.006195995943860444
2023-05-11,NIFTY50,24197.78,0.006866041658951438
2023-05-12,NIFTY50,24441.85,0.010086462477136404
2023-05-15,NIFTY50,24550.67,0.004452199813025581
2023-05-16,NIFTY50,24563.89,0.0005384781759520951
2023-05-17,NIFTY50,24608.47,0.001814859128582702
2023-05-18,NIFTY50,24820.77,0.008627110909373847
2023-05-19,NIFTY50,24487.77,-0.01341618330132388
2023-05-22,NIFTY50,24588.67,0.00412042419542491
2023-05-23,NIFTY50,24484.16,-0.004250331555142983
2023-05-24,NIFTY50,24571.39,0.0035627115653549257
2023-05-25,NIFTY50,24376.5,-0.007931582218181354
2023-05-26,NIFTY50,24558.48,0.0074653867454310685
2023-05-29,NIFTY50,24688.69,0.005302038236894013
2023-05-30,NIFTY50,24558.17,-0.0052866312469393995
2023-05-31,NIFTY50,24476.07,-0.0033430829740163093
2023-06-01,NIFTY50,24375.89,-0.004092977344810733
2023-06-02,NIFTY50,24398.93,0.0009451962574495987
2023-06-05,NIFTY50,24819.7,0.017245428385588957
2023-06-06,NIFTY50,24464.63,-0.014305974689460377
2023-06-07,NIFTY50,24541.65,0.0031482184688671477
2023-06-08,NIFTY50,24640.11,0.004011955186387084
2023-06-09,NIFTY50,24544.89,-0.003864430800024854
2023-06-12,NIFTY50,24222.32,-0.01314204300772992
2023-06-13,NIFTY50,24194.0,-0.0011691695923429224
2023-06-14,NIFTY50,23965.37,-0.009449863602546182
2023-06-15,NIFTY50,24086.29,0.005045613733483112
2023-06-16,NIFTY50,23826.58,-0.010782482482773359
2023-06-19,NIFTY50,23828.16,6.631249638000547e-05
2023-06-20,NIFTY50,23689.49,-0.005819584894511287
2023-06-21,NIFTY50,23918.57,0.009670111091458544
2023-06-22,NIFTY50,24239.58,0.013420952841244338
2023-06-23,NIFTY50,24179.92,-0.002461263767771671
2023-06-26,NIFTY50,23984.1,-0.008098455247163794
2023-06-27,NIFTY50,24326.44,0.014273622941865627
2023-06-28,NIFTY50,24310.87,-0.0006400443303664627
2023-06-29,NIFTY50,24385.1,0.0030533666627314826
2023-06-30,NIFTY50,24372.49,-0.0005171190604097431
2023-07-03,NIFTY50,24343.08,-0.0012066883605245105
2023-07-04,NIFTY50,24256.57,-0.0035537820193666247
2023-07-05,NIFTY50,23895.6,-0.014881329058477832
2023-07-06,NIFTY50,24255.54,0.015063024155074656
2023-07-07,NIFTY50,24306.47,0.0020997264954727424
2023-07-10,NIFTY50,24301.82,-0.0001913070881951473
2023-07-11,NIFTY50,24498.9,0.008109680674122322
2023-07-12,NIFTY50,24398.52,-0.004097326818755187
2023-07-13,NIFTY50,24484.15,0.0035096391092575008
2023-07-14,NIFTY50,24341.92,-0.005809064231349748
2023-07-17,NIFTY50,24284.8,-0.002346569210645577
2023-07-18,NIFTY50,24412.93,0.005276139807616431
2023-07-19,NIFTY50,24479.6,0.0027309298801905246
2023-07-20,NIFTY50,24425.95,-0.002191620778117187
2023-07-21,NIFTY50,24584.3,0.0064828594179551224
2023-07-24,NIFTY50,24439.96,-0.005871226758541015
2023-07-25,NIFTY50,24269.21,-0.006986508979556438
2023-07-26,NIFTY50,24190.93,-0.0032254861200673446
2023-07-27,NIFTY50,24156.83,-0.0014096192250565576
2023-07-28,NIFTY50,24102.63,-0.002243671872509845
2023-07-31,NIFTY50,24029.95,-0.0030154385641733006
2023-08-01,NIFTY50,24219.97,0.007907631934315429
2023-08-02,NIFTY50,24531.73,0.01287202254998654
2023-08-03,NIFTY50,24517.19,-0.0005927017784722599
2023-08-04,NIFTY50,24648.05,0.0053374795398657415
2023-08-07,NIFTY50,24511.78,-0.005528632082456797
2023-08-08,NIFTY50,24504.44,-0.0002994478573159487
2023-08-09,NIFTY50,24609.34,0.004280856856961446
2023-08-10,NIFTY50,24452.05,-0.0063914757567655744
2023-08-11,NIFTY50,24614.4,0.006639525111391542
2023-08-14,NIFTY50,24479.93,-0.005463062272490937
2023-08-15,NIFTY50,24697.29,0.008879110356933229
2023-08-16,NIFTY50,24881.56,0.007461142497820594
2023-08-17,NIFTY50,25121.88,0.009658558386210547
2023-08-18,NIFTY50,25345.46,0.00889981163830078
2023-08-21,NIFTY50,25762.06,0.016436868772553348
2023-08-22,NIFTY50,25881.66,0.0046424858881626285
2023-08-23,NIFTY50,25589.02,-0.01130684816970784
2023-08-24,NIFTY50,25628.24,0.0015326886297326592
2023-08-25,NIFTY50,25544.53,-0.0032663187171652064
2023-08-28,NIFTY50,25272.65,-0.010643374530672434
2023-08-29,NIFTY50,25550.86,0.011008343011120747
2023-08-30,NIFTY50,25499.01,-0.0020292859027054577
2023-08-31,NIFTY50,25201.62,-0.011662805732457815
2023-09-01,NIFTY50,25080.84,-0.004792549050418149
2023-09-04,NIFTY50,25562.58,0.019207490658207593
2023-09-05,NIFTY50,25862.75,0.011742554937725247
2023-09-06,NIFTY50,26030.1,0.006470696271664744
2023-09-07,NIFTY50,26177.37,0.0056576809155555186
2023-09-08,NIFTY50,25996.8,-0.006897942765067722
2023-09-11,NIFTY50,25801.55,-0.007510539758739498
2023-09-12,NIFTY50,25932.07,0.005058610819892673
2023-09-13,NIFTY50,26284.12,0.01357585414507989
2023-09-14,NIFTY50,26078.66,-0.007816887154677432
2023-09-15,NIFTY50,26070.46,-0.00031443333361458325
2023-09-18,NIFTY50,26132.96,0.002397349337142529
2023-09-19,NIFTY50,26042.52,-0.003460763725195992
2023-09-20,NIFTY50,26017.43,-0.0009634244305082307
2023-09-21,NIFTY50,25811.49,-0.007915462826266761
2023-09-22,NIFTY50,25889.16,0.0030091250059565144
2023-09-25,NIFTY50,25938.06,0.0018888214217842592
2023-09-26,NIFTY50,26081.71,0.005538193681408732
2023-09-27,NIFTY50,26050.54,-0.001195090352588024
2023-09-28,NIFTY50,26215.53,0.00633345796286755
2023-09-29,NIFTY50,26300.87,0.003255322322302856
2023-10-02,NIFTY50,26580.95,0.010649077387934414
2023-10-03,NIFTY50,26535.97,-0.001692189331081062
2023-10-04,NIFTY50,26754.38,0.008230714761887414
2023-10-05,NIFTY50,26718.02,-0.0013590298111935128
2023-10-06,NIFTY50,26871.56,0.005746683324587609
2023-10-09,NIFTY50,27178.46,0.011420996771307479
2023-10-10,NIFTY50,27454.29,0.01014884581392761
2023-10-11,NIFTY50,27421.55,-0.0011925276523269135
2023-10-12,NIFTY50,27316.77,-0.0038210823239386293
2023-10-13,NIFTY50,27547.99,0.008464397511126043
2023-10-16,NIFTY50,27458.95,-0.0032321777378313543
2023-10-17,NIFTY50,27695.63,0.008619411885742112
2023-10-18,NIFTY50,27438.97,-0.009267165975281988
2023-10-19,NIFTY50,27558.75,0.0043653242085981425
2023-10-20,NIFTY50,27488.86,-0.002536036648977169
2023-10-23,NIFTY50,27129.29,-0.013080571547892439
2023-10-24,NIFTY50,26970.7,-0.0058457114063803495
2023-10-25,NIFTY50,26898.16,-0.0026895853648589707
2023-10-26,NIFTY50,27338.5,0.016370636504504432
2023-10-27,NIFTY50,26688.69,-0.023769043656382105
2023-10-30,NIFTY50,26628.7,-0.0022477686240874872
2023-10-31,NIFTY50,26565.37,-0.0023782610491688283
2023-11-01,NIFTY50,26367.72,-0.0074401372915189334
2023-11-02,NIFTY50,26296.57,-0.0026983751344447082
2023-11-03,NIFTY50,26277.25,-0.0007346965782989434
2023-11-06,NIFTY50,26145.92,-0.004997859365040158
2023-11-07,NIFTY50,26235.04,0.003408562406677751
2023-11-08,NIFTY50,26589.74,0.013520086113838703
2023-11-09,NIFTY50,26591.61,7.032787834693188e-05
2023-11-10,NIFTY50,26455.11,-0.00513319802749812
2023-11-13,NIFTY50,26443.9,-0.000423736661839591
2023-11-14,NIFTY50,26381.22,-0.0023703009011529774
2023-11-15,NIFTY50,26631.91,0.009502593132538983
2023-11-16,NIFTY50,26543.49,-0.00332007730575834
2023-11-17,NIFTY50,26662.35,0.004477934137522954
2023-11-20,NIFTY50,26738.23,0.0028459606898867396
2023-11-21,NIFTY50,26774.36,0.001351248755059764
2023-11-22,NIFTY50,26539.03,-0.008789379092534855
2023-11-23,NIFTY50,26418.44,-0.004543873683401367
2023-11-24,NIFTY50,26389.86,-0.0010818201226112656
2023-11-27,NIFTY50,26146.25,-0.00923119713405074
2023-11-28,NIFTY50,25949.67,-0.007518477793182599
2023-11-29,NIFTY50,25860.22,-0.0034470573228868595
2023-11-30,NIFTY50,25945.06,0.003280714549218855
2023-12-01,NIFTY50,26258.49,0.012080527082997783
2023-12-04,NIFTY50,26328.55,0.0026680894445947345
2023-12-05,NIFTY50,26368.49,0.0015169844142575162
2023-12-06,NIFTY50,26396.12,0.0010478415715120537
2023-12-07,NIFTY50,26335.04,-0.002313976448053645
2023-12-08,NIFTY50,26327.03,-0.0003041575027037391
2023-12-11,NIFTY50,26461.37,0.005102740415458884
2023-12-12,NIFTY50,26679.91,0.008258831647794507
2023-12-13,NIFTY50,26164.46,-0.01931978031410153
2023-12-14,NIFTY50,26332.05,0.00640525353857857
2023-12-15,NIFTY50,26281.12,-0.00193414489187127
2023-12-18,NIFTY50,26400.34,0.004536336350962289
2023-12-19,NIFTY50,26490.99,0.0034336678997315406
2023-12-20,NIFTY50,26475.03,-0.0006024689904002845
2023-12-21,NIFTY50,26601.9,0.004792062558569343
2023-12-22,NIFTY50,26676.81,0.0028159642732286105
2023-12-25,NIFTY50,26681.28,0.000167561263884064
2023-12-26,NIFTY50,26670.1,-0.000419020376833501
2023-12-27,NIFTY50,26467.95,-0.007579649120175724
2023-12-28,NIFTY50,26483.66,0.0005935480458441056
2023-12-29,NIFTY50,26067.8,-0.01570251241709042
2024-01-01,NIFTY50,26141.77,0.0028376004112353748
2024-01-02,NIFTY50,26315.16,0.00663268018959684
2024-01-03,NIFTY50,26017.19,-0.01132313084928993
2024-01-04,NIFTY50,25970.63,-0.0017895860390764184
2024-01-05,NIFTY50,26286.8,0.012174136707503669
2024-01-08,NIFTY50,26773.66,0.018521082824839885
2024-01-09,NIFTY50,26765.23,-0.00031486169615957404
2024-01-10,NIFTY50,26791.68,0.000988222406457906
2024-01-11,NIFTY50,26788.79,-0.00010786930868089684
2024-01-12,NIFTY50,26834.61,0.0017104169318584717
2024-01-15,NIFTY50,27120.42,0.01065079760801435
2024-01-16,NIFTY50,27134.09,0.0005040482411409197
2024-01-17,NIFTY50,26843.83,-0.010697244683717022
2024-01-18,NIFTY50,26913.23,0.002585324076333384
2024-01-19,NIFTY50,26841.32,-0.002671920092831681
2024-01-22,NIFTY50,26608.94,-0.008657547393347342
2024-01-23,NIFTY50,26378.65,-0.008654610067142743
2024-01-24,NIFTY50,26367.44,-0.00042496488637600027
2024-01-25,NIFTY50,26515.75,0.005624740209895229
2024-01-26,NIFTY50,26652.74,0.0051663633877978565
2024-01-29,NIFTY50,26930.04,0.010404183584877158
2024-01-30,NIFTY50,26776.38,-0.005705895720912402
2024-01-31,NIFTY50,26708.12,-0.0025492617000506534
2024-02-01,NIFTY50,26860.26,0.0056963949540438374
2024-02-02,NIFTY50,27032.14,0.006399044536426812
2024-02-05,NIFTY50,26929.88,-0.0037829043501549364
2024-02-06,NIFTY50,26791.56,-0.005136302129827519
2024-02-07,NIFTY50,26907.95,0.004344278571311255
2024-02-08,NIFTY50,27115.31,0.00770627268149382
2024-02-09,NIFTY50,27075.51,-0.001467805457507354
2024-02-12,NIFTY50,27190.52,0.0042477500885487185
2024-02-13,NIFTY50,27204.1,0.0004994387749848173
2024-02-14,NIFTY50,27072.21,-0.004848166269055043
2024-02-15,NIFTY50,27248.68,0.006518492579660196
2024-02-16,NIFTY50,27210.95,-0.0013846542291222619
2024-02-19,NIFTY50,26888.11,-0.011864341377276433
2024-02-20,NIFTY50,26756.34,-0.004900679147772036
2024-02-21,NIFTY50,26280.57,-0.017781579991882346
2024-02-22,NIFTY50,26881.8,0.02287735768288135
2024-02-23,NIFTY50,27182.27,0.011177450914745313
2024-02-26,NIFTY50,26902.93,-0.01027655159043006
2024-02-27,NIFTY50,26786.05,-0.004344508200407993
2024-02-28,NIFTY50,26848.24,0.0023217309009728737
2024-02-29,NIFTY50,27215.19,0.013667562566484603
2024-03-01,NIFTY50,27390.12,0.0064276604352202504
2024-03-04,NIFTY50,27452.76,0.0022869560264795474
2024-03-05,NIFTY50,27333.8,-0.0043332619379617965
2024-03-06,NIFTY50,27454.14,0.004402607760355393
2024-03-07,NIFTY50,27565.91,0.00407115283887971
2024-03-08,NIFTY50,27586.79,0.0007574573086830405
2024-03-11,NIFTY50,27581.92,-0.00017653376851756164
2024-03-12,NIFTY50,27494.21,-0.003179981669151344
2024-03-13,NIFTY50,27798.72,0.01107542278901641
2024-03-14,NIFTY50,27429.35,-0.013287302436946868
2024-03-15,NIFTY50,27511.84,0.003007362551427528
2024-03-18,NIFTY50,27528.73,0.0006139174987931373
2024-03-19,NIFTY50,27101.41,-0.015522692111114456
2024-03-20,NIFTY50,27030.46,-0.0026179449703909174
2024-03-21,NIFTY50,26818.59,-0.007838194392548181
2024-03-22,NIFTY50,26605.43,-0.007948218008478447
2024-03-25,NIFTY50,26447.91,-0.005920595908429194
2024-03-26,NIFTY50,26731.68,0.010729392227968093
2024-03-27,NIFTY50,26731.44,-8.978111364577046e-06
2024-03-28,NIFTY50,26907.86,0.0065997192818643136
2024-03-29,NIFTY50,26656.93,-0.00932552793124386
2024-04-01,NIFTY50,26534.7,-0.00458529920737305
2024-04-02,NIFTY50,26455.04,-0.003002106675409899
2024-04-03,NIFTY50,26502.3,0.0017864270853493736
2024-04-04,NIFTY50,26630.64,0.004842598566916934
2024-04-05,NIFTY50,26702.49,0.0026980200250539266
2024-04-08,NIFTY50,26539.12,-0.00611815602215382
2024-04-09,NIFTY50,26713.2,0.0065593734833711
2024-04-10,NIFTY50,26592.91,-0.0045030172349250774
2024-04-11,NIFTY50,26663.65,0.0026601075249004236
2024-04-12,NIFTY50,26377.86,-0.010718337511931075
2024-04-15,NIFTY50,26335.16,-0.0016187818117163744
2024-04-16,NIFTY50,26459.58,0.004724482402992836
2024-04-17,NIFTY50,26494.47,0.0013186150347057612
2024-04-18,NIFTY50,26330.15,-0.006202048955876394
2024-04-19,NIFTY50,26459.88,0.004927051308101227
2024-04-22,NIFTY50,26304.4,-0.005876065953435927
2024-04-23,NIFTY50,25943.01,-0.013738766137984637
2024-04-24,NIFTY50,26175.88,0.00897621363134049
2024-04-25,NIFTY50,25974.02,-0.0077116796073332106
2024-04-26,NIFTY50,26154.9,0.006963881601692812
2024-04-29,NIFTY50,26116.62,-0.0014635880848331562
2024-04-30,NIFTY50,26267.55,0.00577907860971294
2024-05-01,NIFTY50,26111.64,-0.005935460292261774
2024-05-02,NIFTY50,26307.62,0.007505464995687827
2024-05-03,NIFTY50,26202.91,-0.00398021561813644
2024-05-06,NIFTY50,26156.68,-0.0017643078574096638
2024-05-07,NIFTY50,25711.25,-0.01702930188387819
2024-05-08,NIFTY50,25384.42,-0.012711556225387777
2024-05-09,NIFTY50,25554.67,0.006706869804391724
2024-05-10,NIFTY50,25427.66,-0.004970128747504798
2024-05-13,NIFTY50,25034.38,-0.015466621781162648
2024-05-14,NIFTY50,24918.63,-0.004623641568115566
2024-05-15,NIFTY50,25040.63,0.004895935290182507
2024-05-16,NIFTY50,24808.29,-0.009278520548404723
2024-05-17,NIFTY50,25031.62,0.009002232721400771
2024-05-20,NIFTY50,24930.84,-0.004026107778881238
2024-05-21,NIFTY50,24864.19,-0.002673395681814239
2024-05-22,NIFTY50,24718.66,-0.005852995814462414
2024-05-23,NIFTY50,24352.62,-0.014808246078064191
2024-05-24,NIFTY50,24302.31,-0.0020658968111028075
2024-05-27,NIFTY50,24294.5,-0.00032136862709764014
2024-05-28,NIFTY50,24377.48,0.0034155878902633052
2024-05-29,NIFTY50,24232.85,-0.0059329348234518076
2024-05-30,NIFTY50,23918.07,-0.01298980516117576
2024-05-31,NIFTY50,24263.56,0.014444727354673725
2024-06-03,NIFTY50,24306.96,0.0017886905301611744
2024-06-04,NIFTY50,24298.76,-0.000337351935412733
2024-06-05,NIFTY50,24515.94,0.008937904650278439
2024-06-06,NIFTY50,24327.82,-0.007673374955233125
2024-06-07,NIFTY50,24108.83,-0.00900162858817588
2024-06-10,NIFTY50,24240.59,0.005465217515739917
2024-06-11,NIFTY50,24606.36,0.015089154183128395
2024-06-12,NIFTY50,24329.59,-0.011247905013175519
2024-06-13,NIFTY50,24328.14,-5.959820942325056e-05
2024-06-14,NIFTY50,24400.26,0.0029644683070715327
2024-06-17,NIFTY50,24493.03,0.003802008667120882
2024-06-18,NIFTY50,24433.08,-0.0024476351027209464
2024-06-19,NIFTY50,24251.6,-0.007427634993214194
2024-06-20,NIFTY50,23845.04,-0.01676425472958476
2024-06-21,NIFTY50,24242.12,0.01665251976931037
2024-06-24,NIFTY50,24562.63,0.013221203426103001
2024-06-25,NIFTY50,24429.47,-0.00542124357204421
2024-06-26,NIFTY50,24432.48,0.0001232118420906314
2024-06-27,NIFTY50,24309.96,-0.005014636254690452
2024-06-28,NIFTY50,24249.42,-0.0024903372938499535
2024-07-01,NIFTY50,24219.76,-0.0012231220375580332
2024-07-02,NIFTY50,23978.71,-0.009952617201821945
2024-07-03,NIFTY50,23963.28,-0.000643487493697581
2024-07-04,NIFTY50,23984.4,0.0008813484631486901
2024-07-05,NIFTY50,23663.37,-0.013384950217641522
2024-07-08,NIFTY50,23523.06,-0.00592941749209841
2024-07-09,NIFTY50,23252.67,-0.011494677988323043
2024-07-10,NIFTY50,23052.9,-0.008591271453987748
2024-07-11,NIFTY50,23007.05,-0.001988903782170648
2024-07-12,NIFTY50,22976.94,-0.0013087292808073858
2024-07-15,NIFTY50,22948.31,-0.0012460318911046153
2024-07-16,NIFTY50,23344.22,0.01725225081934134
2024-07-17,NIFTY50,23403.7,0.0025479540545796375
2024-07-18,NIFTY50,23477.72,0.0031627477706517304
2024-07-19,NIFTY50,23500.87,0.000986041233986823
2024-07-22,NIFTY50,23225.61,-0.011712757868112877
2024-07-23,NIFTY50,23202.96,-0.0009752165820403613
2024-07-24,NIFTY50,23204.79,7.886924771671744e-05
2024-07-25,NIFTY50,23346.45,0.006104774057425155
2024-07-26,NIFTY50,23136.57,-0.008989803588982492
2024-07-29,NIFTY50,23030.51,-0.004584084849223569
2024-07-30,NIFTY50,22827.69,-0.008806578751404115
2024-07-31,NIFTY50,22704.38,-0.005401773022149725
2024-08-01,NIFTY50,22650.66,-0.00236606328822897
2024-08-02,NIFTY50,22431.03,-0.009696406197435392
2024-08-05,NIFTY50,22584.78,0.006854344183035765
2024-08-06,NIFTY50,22404.45,-0.007984580766339011
2024-08-07,NIFTY50,22532.78,0.0057278799524200785
2024-08-08,NIFTY50,22452.13,-0.003579229904166148
2024-08-09,NIFTY50,22367.52,-0.003768462056829347
2024-08-12,NIFTY50,22526.84,0.007122828100746048
2024-08-13,NIFTY50,22647.1,0.005338520626949839
2024-08-14,NIFTY50,22735.91,0.003921473389528973
2024-08-15,NIFTY50,22420.47,-0.013874087291865567
2024-08-16,NIFTY50,22650.74,0.01027052510495996
2024-08-19,NIFTY50,22929.48,0.01230599971568247
2024-08-20,NIFTY50,22884.85,-0.0019464026223011688
2024-08-21,NIFTY50,22709.62,-0.007657030743046134
2024-08-22,NIFTY50,22490.05,-0.009668589787059423
2024-08-23,NIFTY50,22439.05,-0.002267669480503609
2024-08-26,NIFTY50,22243.53,-0.008713381359727768
2024-08-27,NIFTY50,22207.46,-0.0016215951335062373
2024-08-28,NIFTY50,22110.53,-0.004364749503094956
2024-08-29,NIFTY50,21873.88,-0.010703045110180387
2024-08-30,NIFTY50,21757.43,-0.005323701144927195
2024-09-02,NIFTY50,21776.98,0.0008985436239481448
2024-09-03,NIFTY50,21618.96,-0.007256286225179043
2024-09-04,NIFTY50,21560.82,-0.0026893060535752022
2024-09-05,NIFTY50,21723.49,0.007544703772862205
2024-09-06,NIFTY50,21594.36,-0.005944256654892954
2024-09-09,NIFTY50,21435.0,-0.007379704700671841
2024-09-10,NIFTY50,21460.45,0.0011873104735247164
2024-09-11,NIFTY50,21670.03,0.009765871638292678
2024-09-12,NIFTY50,21751.37,0.003753571176412729
2024-09-13,NIFTY50,21636.51,-0.005280586923950059
2024-09-16,NIFTY50,21521.66,-0.005308157369187438
2024-09-17,NIFTY50,21440.2,-0.003785024017664007
2024-09-18,NIFTY50,21386.9,-0.002485984272534769
2024-09-19,NIFTY50,21833.13,0.020864641439385823
2024-09-20,NIFTY50,21860.06,0.0012334466015637702
2024-09-23,NIFTY50,22193.05,0.015232803569614983
2024-09-24,NIFTY50,22353.15,0.007213970139300363
2024-09-25,NIFTY50,21904.89,-0.020053549499735035
2024-09-26,NIFTY50,21823.42,-0.0037192608591050114
2024-09-27,NIFTY50,21820.83,-0.00011867984028146594
2024-09-30,NIFTY50,21860.32,0.001809738676301409
2024-10-01,NIFTY50,21882.13,0.0009976981123789308
2024-10-02,NIFTY50,21585.33,-0.013563579048291863
2024-10-03,NIFTY50,21285.85,-0.013874237734609718
2024-10-04,NIFTY50,21287.69,8.644240187738461e-05
2024-10-07,NIFTY50,21226.63,-0.002868324369623809
2024-10-08,NIFTY50,21458.83,0.010939089247798739
2024-10-09,NIFTY50,21469.47,0.0004958331838222918
2024-10-10,NIFTY50,21614.9,0.006773804849397713
2024-10-11,NIFTY50,21740.08,0.00579137539382546
2024-10-14,NIFTY50,21737.68,-0.00011039517793864917
2024-10-15,NIFTY50,21945.12,0.009542876700733505
2024-10-16,NIFTY50,21871.8,-0.0033410617030118495
2024-10-17,NIFTY50,21872.35,2.5146535721720653e-05
2024-10-18,NIFTY50,21894.68,0.0010209236776113073
2024-10-21,NIFTY50,21753.58,-0.006444487884728067
2024-10-22,NIFTY50,21557.84,-0.008998059170030936
2024-10-23,NIFTY50,21341.42,-0.010039039161622965
2024-10-24,NIFTY50,21169.13,-0.008073033565713872
2024-10-25,NIFTY50,21155.33,-0.0006518926380063572
2024-10-28,NIFTY50,21218.4,0.0029812817857248763
2024-10-29,NIFTY50,21010.6,-0.009793386871771781
2024-10-30,NIFTY50,21029.77,0.0009123965998116823
2024-10-31,NIFTY50,20995.61,-0.0016243639374087238
2024-11-01,NIFTY50,21165.71,0.00810169363976554
2024-11-04,NIFTY50,21088.33,-0.0036559132672608907
2024-11-05,NIFTY50,21373.95,0.013543983805260895
2024-11-06,NIFTY50,21517.91,0.006735301617155409
2024-11-07,NIFTY50,21469.52,-0.0022488243514355855
2024-11-08,NIFTY50,21383.49,-0.00400707607808648
2024-11-11,NIFTY50,21549.43,0.007760192559773893
2024-11-12,NIFTY50,21500.74,-0.0022594565146270007
2024-11-13,NIFTY50,21517.68,0.0007878798590188474
2024-11-14,NIFTY50,21438.01,-0.003702536704700554
2024-11-15,NIFTY50,21350.68,-0.004073605712470396
2024-11-18,NIFTY50,21147.94,-0.009495716295687129
2024-11-19,NIFTY50,21396.52,0.011754336356165185
2024-11-20,NIFTY50,21337.55,-0.002756055657649026
2024-11-21,NIFTY50,21371.25,0.0015793753265955779
2024-11-22,NIFTY50,21467.6,0.004508393285371559
2024-11-25,NIFTY50,21717.8,0.011654772773854516
2024-11-26,NIFTY50,21628.92,-0.004092495556640263
2024-11-27,NIFTY50,21234.91,-0.01821681341463177
2024-11-28,NIFTY50,21260.85,0.0012215733431411024
2024-11-29,NIFTY50,21358.1,0.004574135088672326
2024-12-02,NIFTY50,21273.83,-0.003945575683230063
2024-12-03,NIFTY50,21379.73,0.004977947083341316
2024-12-04,NIFTY50,21390.01,0.00048082927146397836
2024-12-05,NIFTY50,21338.71,-0.002398315849314714
2024-12-06,NIFTY50,21582.0,0.01140134525470371
2024-12-09,NIFTY50,21535.65,-0.0021476230191825874
2024-12-10,NIFTY50,21840.26,0.014144453499197684
2024-12-11,NIFTY50,21856.57,0.0007467859814855871
2024-12-12,NIFTY50,21718.53,-0.006315721085238923
2024-12-13,NIFTY50,21392.39,-0.015016670096917206
2024-12-16,NIFTY50,21612.32,0.01028075871840417
2024-12-17,NIFTY50,21792.31,0.00832812025733487
2024-12-18,NIFTY50,21945.2,0.007015777583927463
2024-12-19,NIFTY50,22187.83,0.011056176293676945
2024-12-20,NIFTY50,22527.48,0.015307941335407582
2024-12-23,NIFTY50,22146.78,-0.01689936024801708
2024-12-24,NIFTY50,21838.5,-0.013919856520902774
2024-12-25,NIFTY50,21798.66,-0.0018243011195824277
2024-12-26,NIFTY50,21984.51,0.008525753417870652
2024-12-27,NIFTY50,22047.05,0.0028447302214149595
2024-12-30,NIFTY50,22110.15,0.00286206091064356
2024-12-31,NIFTY50,22040.14,-0.003166419042837876
2025-01-01,NIFTY50,21898.36,-0.006432808503031184
2025-01-02,NIFTY50,21891.34,-0.00032057195150692053
2025-01-03,NIFTY50,21856.17,-0.001606571365663445
2025-01-06,NIFTY50,21786.26,-0.0031986391028254735
2025-01-07,NIFTY50,21909.21,0.005643465193199804
2025-01-08,NIFTY50,21917.86,0.0003948111319396208
2025-01-09,NIFTY50,22007.87,0.004106696547929278
2025-01-10,NIFTY50,21998.22,-0.00043847950755793175
2025-01-13,NIFTY50,22132.75,0.0061154947991246544
2025-01-14,NIFTY50,21943.93,-0.008531248941048841
2025-01-15,NIFTY50,21701.58,-0.011044056374587385
2025-01-16,NIFTY50,21652.11,-0.0022795575253046207
2025-01-17,NIFTY50,21798.48,0.006760080195417295
2025-01-20,NIFTY50,21744.26,-0.0024873293917742068
2025-01-21,NIFTY50,22120.01,0.01728042251150419
2025-01-22,NIFTY50,21946.64,-0.007837699892540684
2025-01-23,NIFTY50,21922.3,-0.0011090535954478842
2025-01-24,NIFTY50,21605.35,-0.014457880788055988
2025-01-27,NIFTY50,21878.84,0.01265843876632422
2025-01-28,NIFTY50,21867.68,-0.0005100818873395863
2025-01-29,NIFTY50,21460.36,-0.018626575841607318
2025-01-30,NIFTY50,21415.14,-0.0021071407935375763
2025-01-31,NIFTY50,20978.61,-0.020384176802019427
2025-02-03,NIFTY50,21199.23,0.010516426016785596
2025-02-04,NIFTY50,21051.69,-0.006959686743339355
2025-02-05,NIFTY50,21068.72,0.0008089611807888808
2025-02-06,NIFTY50,20951.31,-0.005572716330180416
2025-02-07,NIFTY50,20926.99,-0.001160786604751718
2025-02-10,NIFTY50,21075.16,0.007080330233827148
2025-02-11,NIFTY50,21015.32,-0.0028393615991527676
2025-02-12,NIFTY50,21121.5,0.00505250455382078
2025-02-13,NIFTY50,20650.3,-0.022309021613048374
2025-02-14,NIFTY50,20445.87,-0.009899614049190597
2025-02-17,NIFTY50,20464.36,0.0009043391159193614
2025-02-18,NIFTY50,20353.97,-0.005394256160466293
2025-02-19,NIFTY50,20560.37,0.010140527867536386
2025-02-20,NIFTY50,20711.63,0.007356871495989736
2025-02-21,NIFTY50,20954.15,0.011709363290093533
2025-02-24,NIFTY50,20981.05,0.00128375524657387
2025-02-25,NIFTY50,20863.63,-0.005596478727232346
2025-02-26,NIFTY50,20978.52,0.005506711919258445
2025-02-27,NIFTY50,20808.01,-0.008127837426091133
2025-02-28,NIFTY50,20768.48,-0.0018997491831269642
2025-03-03,NIFTY50,20847.94,0.003825990154310732
2025-03-04,NIFTY50,20737.75,-0.005285414290332691
2025-03-05,NIFTY50,21157.49,0.020240382876637986
2025-03-06,NIFTY50,21292.87,0.006398679616532732
2025-03-07,NIFTY50,21143.25,-0.007026765297491577
2025-03-10,NIFTY50,21319.95,0.008357277145188302
2025-03-11,NIFTY50,21617.26,0.013945154655615966
2025-03-12,NIFTY50,21362.09,-0.011803993660621126
2025-03-13,NIFTY50,21597.43,0.011016712316070265
2025-03-14,NIFTY50,21385.56,-0.009809963500286845
2025-03-17,NIFTY50,21394.22,0.0004049461412281019
2025-03-18,NIFTY50,21435.1,0.0019107964674569544
2025-03-19,NIFTY50,21329.91,-0.004907371554133122
2025-03-20,NIFTY50,21224.67,-0.004933916739451871
2025-03-21,NIFTY50,21086.44,-0.006512704320020046
2025-03-24,NIFTY50,21003.35,-0.003940447036104744
2025-03-25,NIFTY50,20842.98,-0.007635448630813557
2025-03-26,NIFTY50,21043.85,0.009637297545744383
2025-03-27,NIFTY50,20801.86,-0.011499321654545036
2025-03-28,NIFTY50,21120.45,0.015315457367754526
2025-03-31,NIFTY50,21107.42,-0.0006169376125982895
2025-04-01,NIFTY50,20758.3,-0.016540155073429097
2025-04-02,NIFTY50,20900.04,0.006828112128642649
2025-04-03,NIFTY50,20843.6,-0.0027004733005296933
2025-04-04,NIFTY50,20650.82,-0.009248882150876048
2025-04-07,NIFTY50,20602.99,-0.002316130788026727
2025-04-08,NIFTY50,20482.53,-0.005846724189061958
2025-04-09,NIFTY50,20709.48,0.011080174177701796
2025-04-10,NIFTY50,20587.3,-0.005899713561132391
2025-04-11,NIFTY50,20374.92,-0.010316068644261267
2025-04-14,NIFTY50,20266.64,-0.00531437669448509
2025-04-15,NIFTY50,20112.15,-0.007622871872199677
2025-04-16,NIFTY50,20300.03,0.009341616883326687
2025-04-17,NIFTY50,20343.18,0.0021256126222475302
2025-04-18,NIFTY50,20109.89,-0.011467725301550713
2025-04-21,NIFTY50,19946.22,-0.008138781465239164
2025-04-22,NIFTY50,19883.09,-0.0031650107138094796
2025-04-23,NIFTY50,19594.65,-0.014506799496456502
2025-04-24,NIFTY50,19426.95,-0.008558458558841298
2025-04-25,NIFTY50,19487.87,0.003135849940417712
2025-04-28,NIFTY50,19789.04,0.01545422870739599
2025-04-29,NIFTY50,19502.75,-0.01446709895982834
2025-04-30,NIFTY50,19952.62,0.023067003371319394
2025-05-01,NIFTY50,20023.5,0.0035524156727286815
2025-05-02,NIFTY50,19847.79,-0.008775189152745444
2025-05-05,NIFTY50,20107.16,0.013067953661339615
2025-05-06,NIFTY50,20185.78,0.003910049952355221
2025-05-07,NIFTY50,20335.79,0.007431469083681863
2025-05-08,NIFTY50,20483.46,0.007261581674476325
2025-05-09,NIFTY50,20674.47,0.00932508472689686
2025-05-12,NIFTY50,20473.51,-0.009720200808049917
2025-05-13,NIFTY50,20619.09,0.007110651764157705
2025-05-14,NIFTY50,20637.93,0.0009137163667261028
2025-05-15,NIFTY50,20746.22,0.005247134765938188
2025-05-16,NIFTY50,20641.62,-0.005041882328443603
2025-05-19,NIFTY50,20542.34,-0.0048097000138555
2025-05-20,NIFTY50,20454.84,-0.004259495266848878
2025-05-21,NIFTY50,20587.5,0.0064855066087048385
2025-05-22,NIFTY50,20583.11,-0.00021323618700663793
2025-05-23,NIFTY50,20502.19,-0.00393137868864335
2025-05-26,NIFTY50,20455.39,-0.002282682971916583
2025-05-27,NIFTY50,20675.83,0.010776621711930279
2025-05-28,NIFTY50,20769.54,0.004532345255305215
2025-05-29,NIFTY50,20857.58,0.004238899850454114
2025-05-30,NIFTY50,20913.08,0.002660903134495962
2025-06-02,NIFTY50,21107.5,0.009296574201408836
2025-06-03,NIFTY50,20935.42,-0.008152552410280789
2025-06-04,NIFTY50,21097.91,0.00776148746956129
2025-06-05,NIFTY50,21121.17,0.0011024788711297973
2025-06-06,NIFTY50,20970.41,-0.0071378621544165854
2025-06-09,NIFTY50,20977.09,0.00031854408187537153
2025-06-10,NIFTY50,20939.94,-0.0017709796735391192
2025-06-11,NIFTY50,21008.55,0.003276513686285565
2025-06-12,NIFTY50,21174.14,0.007882028983437595
2025-06-13,NIFTY50,20989.16,-0.008736128126100917
2025-06-16,NIFTY50,21296.6,0.014647560931452253
2025-06-17,NIFTY50,21015.5,-0.013199290027516075
2025-06-18,NIFTY50,20898.4,-0.005572077752135307
2025-06-19,NIFTY50,21248.57,0.016755828197373868
2025-06-20,NIFTY50,21001.73,-0.011616781741077165
2025-06-23,NIFTY50,20910.16,-0.004360116999885255
2025-06-24,NIFTY50,20787.22,-0.005879438512187307
2025-06-25,NIFTY50,20389.07,-0.01915359533405625
2025-06-26,NIFTY50,20380.39,-0.00042571828925985766
2025-06-27,NIFTY50,20464.36,0.004120137053314599
2025-06-30,NIFTY50,20548.17,0.004095412707751267
2025-07-01,NIFTY50,20458.04,-0.004386278680777789
2025-07-02,NIFTY50,20138.08,-0.01563981691305716
2025-07-03,NIFTY50,20032.04,-0.005265645980153111
2025-07-04,NIFTY50,19892.88,-0.006946871112477826
2025-07-07,NIFTY50,19942.66,0.002502402869770437
2025-07-08,NIFTY50,19857.84,-0.00425319390693113
2025-07-09,NIFTY50,19930.69,0.003668576239913124
2025-07-10,NIFTY50,19624.86,-0.015344676978067406
2025-07-11,NIFTY50,19732.14,0.005466535812229889
2025-07-14,NIFTY50,19820.07,0.004456181640714041
2025-07-15,NIFTY50,19646.82,-0.00874113966297796
2025-07-16,NIFTY50,19535.62,-0.005659949040099144
2025-07-17,NIFTY50,19487.91,-0.002442205571156597
2025-07-18,NIFTY50,19665.12,0.009093330172399217
2025-07-21,NIFTY50,19621.67,-0.00220949579763563
2025-07-22,NIFTY50,19679.59,0.0029518384520788032
2025-07-23,NIFTY50,19683.16,0.0001814062183205234
2025-07-24,NIFTY50,19834.61,0.00769439459924115
2025-07-25,NIFTY50,19866.08,0.0015866205587102833
2025-07-28,NIFTY50,19669.27,-0.009906836175028078
2025-07-29,NIFTY50,19631.76,-0.0019070356957834322
2025-07-30,NIFTY50,19798.35,0.00848573943446751
2025-07-31,NIFTY50,19856.06,0.002914889372094276
2025-08-01,NIFTY50,19663.19,-0.009713407393007634
2025-08-04,NIFTY50,19956.72,0.014927893185185281
2025-08-05,NIFTY50,19863.21,-0.004685639724363644
2025-08-06,NIFTY50,20020.43,0.007915135569729115
2025-08-07,NIFTY50,20259.68,0.011950292775929405
2025-08-08,NIFTY50,20442.73,0.009035187130300049
2025-08-11,NIFTY50,20302.52,-0.0068586729854573925
2025-08-12,NIFTY50,20492.23,0.009344160232325871
2025-08-13,NIFTY50,20540.34,0.002347719111097213
2025-08-14,NIFTY50,20327.49,-0.010362535381595372
2025-08-15,NIFTY50,20321.95,-0.0002725373373693163
2025-08-18,NIFTY50,20165.11,-0.0077177633051946914
2025-08-19,NIFTY50,20238.79,0.003653835758892443
2025-08-20,NIFTY50,20379.02,0.006928773903973395
2025-08-21,NIFTY50,20577.01,0.009715383762320062
2025-08-22,NIFTY50,20573.44,-0.00017349459420978874
2025-08-25,NIFTY50,20428.68,-0.007036256454924339
2025-08-26,NIFTY50,20237.5,-0.009358411801447808
2025-08-27,NIFTY50,20359.35,0.006021000617665084
2025-08-28,NIFTY50,20531.62,0.008461468563583763
2025-08-29,NIFTY50,20633.24,0.0049494389629265445
2025-09-01,NIFTY50,20498.69,-0.006521031112903364
2025-09-02,NIFTY50,20400.89,-0.004771036588191668
2025-09-03,NIFTY50,20314.81,-0.004219423760433938
2025-09-04,NIFTY50,20075.62,-0.011774168697615273
2025-09-05,NIFTY50,20167.91,0.0045971182957238454
2025-09-08,NIFTY50,20153.66,-0.0007065680082863901
2025-09-09,NIFTY50,20400.72,0.012258815520357125
2025-09-10,NIFTY50,20248.26,-0.0074732656494478356
2025-09-11,NIFTY50,20233.43,-0.0007324086119003814
2025-09-12,NIFTY50,20037.29,-0.009693858134779854
2025-09-15,NIFTY50,19984.15,-0.002652055242999385
2025-09-16,NIFTY50,20123.23,0.006959515415966955
2025-09-17,NIFTY50,20141.99,0.0009322559052400425
2025-09-18,NIFTY50,19992.62,-0.007415851164656595
2025-09-19,NIFTY50,19758.05,-0.011732829414053736
2025-09-22,NIFTY50,19713.28,-0.0022659118688331814
2025-09-23,NIFTY50,19755.9,0.002161994351016272
2025-09-24,NIFTY50,19898.51,0.007218603050227923
2025-09-25,NIFTY50,19786.63,-0.005622531536280673
2025-09-26,NIFTY50,19671.28,-0.005829694091414317
2025-09-29,NIFTY50,20025.86,0.018025263226389088
2025-09-30,NIFTY50,20031.45,0.0002791390731784471
2025-10-01,NIFTY50,20198.11,0.008319916930626503
2025-10-02,NIFTY50,19999.37,-0.009839534491098534
2025-10-03,NIFTY50,20061.7,0.0031165981728424885
2025-10-06,NIFTY50,20192.97,0.006543313876690382
2025-10-07,NIFTY50,20212.15,0.0009498355120618474
2025-10-08,NIFTY50,19935.59,-0.013682859072389641
2025-10-09,NIFTY50,19797.34,-0.006934833631710879
2025-10-10,NIFTY50,19866.46,0.003491378134638179
2025-10-13,NIFTY50,19617.49,-0.012532177348153484
2025-10-14,NIFTY50,20038.2,0.021445658950252966
2025-10-15,NIFTY50,20235.74,0.009858170893593199
2025-10-16,NIFTY50,19997.05,-0.011795466832446033
2025-10-17,NIFTY50,20049.63,0.0026293878347056765
2025-10-20,NIFTY50,20071.64,0.001097775869180584
2025-10-21,NIFTY50,20261.08,0.009438192394841893
2025-10-22,NIFTY50,19860.45,-0.01977337831941839
2025-10-23,NIFTY50,19897.55,0.0018680342086909718
2025-10-24,NIFTY50,19712.01,-0.009324766114421124
2025-10-27,NIFTY50,19792.4,0.004078224392134677
2025-10-28,NIFTY50,19626.23,-0.008395646813928681
2025-10-29,NIFTY50,19856.98,0.011757224897496865
2025-10-30,NIFTY50,19916.8,0.0030125426927962717
2025-10-31,NIFTY50,19634.35,-0.014181495019280232
2025-11-03,NIFTY50,19237.47,-0.020213554306610426
2025-11-04,NIFTY50,19325.33,0.004567128629700212
2025-11-05,NIFTY50,19224.82,-0.005200946115797356
2025-11-06,NIFTY50,19324.55,0.005187564825054336
2025-11-07,NIFTY50,19229.58,-0.004914474075722208
2025-11-10,NIFTY50,19429.29,0.010385562243169
2025-11-11,NIFTY50,19599.87,0.00877952822774275
2025-11-12,NIFTY50,19678.69,0.0040214552443460505
2025-11-13,NIFTY50,19543.62,-0.00686376989525217
2025-11-14,NIFTY50,19459.3,-0.0043144514680494295
2025-11-17,NIFTY50,19427.32,-0.001643430133663526
2025-11-18,NIFTY50,19270.2,-0.008087579758813801
2025-11-19,NIFTY50,19384.09,0.005910161804236536
2025-11-20,NIFTY50,19341.65,-0.0021894244197173673
2025-11-21,NIFTY50,19322.07,-0.0010123231471980132
2025-11-24,NIFTY50,19249.08,-0.0037775455735331587
2025-11-25,NIFTY50,19255.41,0.00032884688514966953
2025-11-26,NIFTY50,19292.28,0.0019147865457032065
2025-11-27,NIFTY50,19215.07,-0.004002118982307956
2025-11-28,NIFTY50,19187.01,-0.0014603121404189734
2025-12-01,NIFTY50,19123.08,-0.003331941766851476
2025-12-02,NIFTY50,19059.76,-0.003311182089914544
2025-12-03,NIFTY50,19072.05,0.000644813995559268
2025-12-04,NIFTY50,18685.61,-0.020262111309481634
2025-12-05,NIFTY50,18910.47,0.012033859210376363
2025-12-08,NIFTY50,19038.06,0.006747055995964146
2025-12-09,NIFTY50,19072.17,0.0017916741516728063
2025-12-10,NIFTY50,19212.55,0.007360462915336985
2025-12-11,NIFTY50,19009.32,-0.010577981579748652
2025-12-12,NIFTY50,18748.29,-0.013731685299631868
2025-12-15,NIFTY50,18469.26,-0.014882957325708213
2025-12-16,NIFTY50,18543.66,0.004028315157185602
2025-12-17,NIFTY50,18573.96,0.0016339816411645725
2025-12-18,NIFTY50,18637.62,0.003427378975727313
2025-12-19,NIFTY50,18789.93,0.008172180782739513
2025-12-22,NIFTY50,18436.93,-0.01878665859851525
2025-12-23,NIFTY50,18265.14,-0.009317711788242478
2025-12-24,NIFTY50,18176.35,-0.004861172703850114
2025-12-25,NIFTY50,18284.4,0.0059445378197493515
2025-12-26,NIFTY50,18315.42,0.0016965281879632865
2025-12-29,NIFTY50,18723.63,0.022287777184470947
2025-12-30,NIFTY50,18565.61,-0.00843960279069822
2025-12-31,NIFTY50,18654.07,0.004764723593784437
2026-01-01,NIFTY50,18808.75,0.008292024207049664
2026-01-02,NIFTY50,19044.78,0.012548946633880398
2026-01-05,NIFTY50,19021.88,-0.001202429222075474
2026-01-06,NIFTY50,18829.06,-0.010136747787284905
2026-01-07,NIFTY50,18939.51,0.005865932765629189
2026-01-08,NIFTY50,18993.86,0.0028696624147088734
2026-01-09,NIFTY50,19092.69,0.005203260422051992
2026-01-12,NIFTY50,19314.22,0.011602869998937004
2026-01-13,NIFTY50,19285.86,-0.0014683481911255125
2026-01-14,NIFTY50,19131.63,-0.007997050688950291
2026-01-15,NIFTY50,19229.77,0.0051297249633199815
2026-01-16,NIFTY50,19287.53,0.0030036760710085986
2026-01-19,NIFTY50,19246.63,-0.0021205410957233495
2026-01-20,NIFTY50,19097.0,-0.007774348028719902
2026-01-21,NIFTY50,19159.69,0.0032827145624967358
2026-01-22,NIFTY50,19303.74,0.007518388867461034
2026-01-23,NIFTY50,19062.89,-0.012476856816347581
2026-01-26,NIFTY50,19078.82,0.0008356550344674751
2026-01-27,NIFTY50,19180.35,0.005321607940113715
2026-01-28,NIFTY50,19474.49,0.01533548657871231
2026-01-29,NIFTY50,19494.43,0.0010239035784762596
2026-01-30,NIFTY50,19753.64,0.013296618572587127
2026-02-02,NIFTY50,19899.21,0.007369274726075847
2026-02-03,NIFTY50,20049.2,0.007537485156446033
2026-02-04,NIFTY50,19926.84,-0.0061029866528340415
2026-02-05,NIFTY50,20344.88,0.020978740231767823
2026-02-06,NIFTY50,20364.99,0.0009884550805903114
2026-02-09,NIFTY50,20408.68,0.0021453484632203423
2026-02-10,NIFTY50,20421.69,0.0006374738591619078
2026-02-11,NIFTY50,20639.95,0.010687656114650723
2026-02-12,NIFTY50,20983.66,0.01665265661980775
2026-02-13,NIFTY50,21107.37,0.005895539672297279
2026-02-16,NIFTY50,21051.16,-0.0026630508680143272
2026-02-17,NIFTY50,21356.16,0.014488512747041105
2026-02-18,NIFTY50,21146.71,-0.009807474752015377
2026-02-19,NIFTY50,21036.59,-0.005207429429920696
2026-02-20,NIFTY50,20808.75,-0.0108306526865809
2026-02-23,NIFTY50,20756.19,-0.0025258605154082625
2026-02-24,NIFTY50,20937.54,0.008737152627722233
2026-02-25,NIFTY50,20909.28,-0.001349728764697411
2026-02-26,NIFTY50,20929.33,0.0009589043716475842
2026-02-27,NIFTY50,21001.87,0.0034659494594426743
2026-03-02,NIFTY50,20972.58,-0.0013946377155937828
2026-03-03,NIFTY50,20791.56,-0.00863126997250696
2026-03-04,NIFTY50,20521.62,-0.012983152779300955
2026-03-05,NIFTY50,20752.23,0.011237416929072985
2026-03-06,NIFTY50,20654.41,-0.00471371028559342
2026-03-09,NIFTY50,20548.58,-0.005123845222400392
2026-03-10,NIFTY50,20308.33,-0.011691805467823113
2026-03-11,NIFTY50,20295.16,-0.0006485023633160392
2026-03-12,NIFTY50,20395.24,0.004931224981719939
2026-03-13,NIFTY50,20344.18,-0.0025035253323815176
2026-03-16,NIFTY50,20412.45,0.00335575088305351
2026-03-17,NIFTY50,20094.33,-0.015584606453414418
2026-03-18,NIFTY50,20131.99,0.0018741605218983715
2026-03-19,NIFTY50,20074.22,-0.002869562323446484
2026-03-20,NIFTY50,19848.33,-0.011252741077860007
2026-03-23,NIFTY50,19596.33,-0.012696282256492109
2026-03-24,NIFTY50,19468.16,-0.00654051039148662
2026-03-25,NIFTY50,19284.67,-0.009425133140471553
2026-03-26,NIFTY50,19348.8,0.0033254393256405557
2026-03-27,NIFTY50,19427.12,0.004047796245761903
2026-03-30,NIFTY50,19463.75,0.0018855085056355136
2026-03-31,NIFTY50,19533.12,0.0035640613961851475
2026-04-01,NIFTY50,19292.7,-0.012308325551678267
2026-04-02,NIFTY50,19382.35,0.004646835331498345
2026-04-03,NIFTY50,19497.75,0.005953870402711781
2026-04-06,NIFTY50,19550.84,0.00272287828082729
2026-04-07,NIFTY50,19544.45,-0.000326840176688048
2026-04-08,NIFTY50,19435.22,-0.005588798866174249
2026-04-09,NIFTY50,19498.48,0.003254915560513272
2026-04-10,NIFTY50,19446.79,-0.0026509758709396536
2026-04-13,NIFTY50,19603.64,0.008065598486948211
2026-04-14,NIFTY50,19657.57,0.002751019708584712
2026-04-15,NIFTY50,19639.87,-0.0009004164807756565
2026-04-16,NIFTY50,19594.15,-0.0023279176491493025
2026-04-17,NIFTY50,19578.04,-0.00082218417231672
2026-04-20,NIFTY50,19562.71,-0.0007830201593214126
2026-04-21,NIFTY50,19559.56,-0.00016102063568890213
2026-04-22,NIFTY50,19362.93,-0.010052884625216585
2026-04-23,NIFTY50,19410.04,0.00243299955120424
2026-04-24,NIFTY50,19446.39,0.001872742147878137
2026-04-27,NIFTY50,19268.82,-0.009131257781007207
2026-04-28,NIFTY50,19314.38,0.0023644416212307284
2026-04-29,NIFTY50,19321.75,0.0003815809774891932
2026-04-30,NIFTY50,19199.98,-0.00630222417741666
2026-05-01,NIFTY50,19304.74,0.005456255683599753
2026-05-04,NIFTY50,19526.9,0.011508054498532427
2026-05-05,NIFTY50,19444.78,-0.004205480644649318
2026-05-06,NIFTY50,19470.77,0.0013366055054364612
2026-05-07,NIFTY50,19680.29,0.010760745466152688
2026-05-08,NIFTY50,19339.3,-0.017326472323324627
2026-05-11,NIFTY50,19650.77,0.01610554673643838
2026-05-12,NIFTY50,19673.07,0.0011348155822901163
2026-05-13,NIFTY50,19804.92,0.006702055144418129
2026-05-14,NIFTY50,19540.09,-0.013371929803301263
2026-05-15,NIFTY50,19332.08,-0.010645293854838922
2026-05-18,NIFTY50,19189.06,-0.007398065805645393
2026-05-19,NIFTY50,19032.79,-0.008143702713942269
2026-05-20,NIFTY50,18681.88,-0.018437128765672273
2026-05-21,NIFTY50,18509.36,-0.009234616644577587
2026-05-22,NIFTY50,18392.58,-0.006309240297881602
2026-05-25,NIFTY50,18186.57,-0.011200712461220896
2026-05-26,NIFTY50,18418.36,0.012745119063132915
2026-05-27,NIFTY50,18523.57,0.005712234965545182
2026-05-28,NIFTY50,18421.08,-0.005532950721702012
2026-05-29,NIFTY50,18517.65,0.005242363639916814
